,歌曲名称,歌曲信息
0,The Show,《The Show》是由Steve Aoki、Carl Ryden、James Daniel Lewis作词，Steve Aoki、Carl Ryden作曲，Steve Aoki、林俊杰演唱的一首歌曲，发行于2023年5月26日。 [1]
1,愿与愁,《愿与愁》是林俊杰演唱的歌曲，由小寒作词，林俊杰作曲，于2023年4月14日以单曲形式发行 [2]，收录在林俊杰同年4月21日发行的专辑《重拾_快乐》中 [3]。
2,逆光白,《逆光白》是由易家扬作词，林俊杰作曲并演唱的一首歌曲，收录于林俊杰于2023年4月21日发行的专辑《重拾_快乐》中 [3]。
3,孤独娱乐,《孤独娱乐》是由易家扬作词，林俊杰作曲并演唱的一首歌曲，收录于2023年4月21日发行的专辑《重拾_快乐》中，作为专辑第二主打歌曲。 [1]
4,梦不凌乱,《梦不凌乱》是由方文山作词，林俊杰作曲并演唱的一首歌曲，收录于2023年4月21日发行的专辑《重拾_快乐》中。 [1]
5,自画像,《自画像》是由林怡凤作词，林俊杰作曲并演唱的一首歌曲，收录于2023年4月21日发行的专辑《重拾_快乐》中。 [1]
6,谢幕,《谢幕》是林俊杰演唱的歌曲，致敬已故好友林秋离，由林怡凤、林秋离作词，林俊杰作曲，发行于2023年3月25日 [1]，收录在林俊杰的专辑《重拾_快乐》中。 [2]
7,如果我还剩一件事情可以做,《如果我还剩一件事情可以做 》是由小寒作词，林俊杰作曲并演唱的一首歌曲，收录于2023年4月21日发行的专辑《重拾_快乐》中。 [1]
8,黑色泡沫,《黑色泡沫》是由周信廷、杨彤作词，林俊杰作曲并演唱的一首歌曲，收录于2023年4月21日发行的《重拾_快乐》专辑中。 [1]
9,你都在,《你都在》是由林怡凤、Rude Cat作词，林俊杰、Rude Cat作曲，林俊杰演唱的一首歌曲，《In The Joy》中文版，收录于2023年4月21日发行的专辑《重拾_快乐》中。 [1]
10,一时的选择,《一时的选择》是由蔡宥绮作词、作曲，林俊杰演唱的一首歌曲，收录于2023年4月21日发行的《重拾_快乐》专辑中。 [1]
11,Castle in the air,《Castle in the Air》是由林俊杰作词、作曲并演唱的一首歌曲，收录于2023年4月21日发行的专辑《重拾_快乐》中 [1-3]。该曲是《愿与愁》的英文版。
12,7千3百多天,《7千3百多天》是由方文山作词，林俊杰作曲并演唱的一首歌曲，发行于2022年11月1日 [1]，收录在林俊杰的专辑《重拾_快乐》中 [2] [4]，作为“JJ20“世界巡回演唱会的主题曲。
13,愿与愁,《愿与愁》是林俊杰演唱的歌曲，由小寒作词，林俊杰作曲，于2023年4月14日以单曲形式发行 [2]，收录在林俊杰同年4月21日发行的专辑《重拾_快乐》中 [3]。
14,In The Joy,《In The Joy》是由林俊杰、Anderson .Paak、Rude Cat作词、作曲，林俊杰、Anderson .Paak演唱的一首歌曲，发行于2023年4月7日。 [1]
15,谢幕,《谢幕》是林俊杰演唱的歌曲，致敬已故好友林秋离，由林怡凤、林秋离作词，林俊杰作曲，发行于2023年3月25日 [1]，收录在林俊杰的专辑《重拾_快乐》中。 [2]
16,Intro,"《Intro》是一支纯音乐作品，收录于林俊杰专辑《JJ的咖啡调调, Vol.》中 [1]。"
17,Too Bad,《Too Bad》是林俊杰演唱的一首歌曲，由林俊杰谱曲，并与林怡凤共同填词，收录在林俊杰于2015年12月25日发行的实验专辑《和自己对话》中，为该专辑的第六波主打 [1]。
18,身后,《身后》是林俊杰演唱的歌曲 [1]。
19,想见你想见你想见你,《想见你想见你想见你》是林俊杰演唱的歌曲 [1]。
20,恨幸福来过,《恨幸福来过》是林俊杰演唱的歌曲 [1]。
21,慢慢喜欢你,"《慢慢喜欢你》是林俊杰演唱的歌曲 [1]，收录于林俊杰的专辑《JJ的咖啡调调, Vol. 1》。"
22,You Are The Reason,《You Are The Reason》是林俊杰演唱的歌曲 [1]。
23,咖啡+交换余生,《咖啡+交换余生》是林俊杰演唱的歌曲 [1]。
24,圣所,《圣所》是林俊杰演唱的歌曲，由张思尔作词，林俊杰作曲，收录在林俊杰2017年12月28日发行的概念专辑《伟大的渺小》中。
25,生生,《生生》是林俊杰演唱的一首歌曲，由林怡凤作词，林俊杰作曲，吴庆隆编曲，收录在林俊杰2014年12月27日发行的专辑《新地球GENESIS》中 [1]。
26,我还年轻 我还年轻,《我还年轻我还年轻》是林俊杰演唱的歌曲，由黄冠龙、 ALEX.D编曲 [2]。
27,你啊你啊,《你啊你啊》是林俊杰演唱的歌曲，由魏如萱填词并谱曲，收录于专辑《JJ的咖啡调调， Vol. 2》中。 [1]
28,那女孩对我说,《那女孩对我说》是林俊杰演唱的歌曲，由易家扬填词，李偲菘谱曲。 [2]
29,落在生命里的光,《落在生命里的光》是林俊杰演唱的歌曲，由贰叁伍、侯江浩、刘星宇谱曲。
30,是你,《是你》是林俊杰演唱的歌曲。
31,达尔文,《达尔文》是林俊杰演唱的一首歌曲，由蔡健雅谱曲，林可邦填词。
32,7千3百多天,《7千3百多天》是由方文山作词，林俊杰作曲并演唱的一首歌曲，发行于2022年11月1日 [1]，收录在林俊杰的专辑《重拾_快乐》中 [2] [4]，作为“JJ20“世界巡回演唱会的主题曲。
33,无拘,《无拘》是由张怀秋作词，林俊杰作曲并演唱的一首歌曲，发行于2022年8月19日。
34,From The Ashes,《From The Ashes》是林俊杰作曲并献唱的歌曲，《永劫无间》周年主题曲英文版，2022年8月19日发行。 [1]
35,At Least I Had You,《At Least I Had You》是由Josh Wei、Joel Tan、JJ Lin、Myra Choo作词，JJ Lin、Joel Tan、Josh Wei、Myra Choo作曲， Gentle Bones、林俊杰演唱的歌曲。该歌曲于2021年11月19日发行。 [1]
36,一定会,《一定会》是由小寒作词，林俊杰作曲，Troy Laureta编曲，林俊杰演唱的歌曲，发行于2021年11月29日，收录于单曲专辑《一定会/After The Rain》中，《After The Rain》中文版本。 [1]
37,After The Rain,《After The Rain》是由林俊杰作词、作曲并演唱的歌曲，于2021年11月29日发行 [2]。
38,At Least I Had You,《At Least I Had You》是由Josh Wei、Joel Tan、JJ Lin、Myra Choo作词，JJ Lin、Joel Tan、Josh Wei、Myra Choo作曲， Gentle Bones、林俊杰演唱的歌曲。该歌曲于2021年11月19日发行。 [1]
39,裹着心的光,《裹着心的光》是由易家扬作词，林俊杰作曲，林俊杰演唱的歌曲，该曲于2021年6月9日以单曲形式发行 [1]，后收录在林俊杰2021年7月17日发行的同名专辑《裹着心的光》中 [4]。
40,While I Can,《While I Can》是林俊杰演唱的歌曲，由Josh Cumbee、林俊杰、Fernando Garibay作词，Josh Cumbee、林俊杰、Fernando Garibay、Ramiro Padilla、Daniel Padilla作曲，收录于2020年10月20日发行的专辑《如你》中。 [1]
41,Like You Do,《Like You Do》是林俊杰演唱的歌曲，由Nasri Atweh、林俊杰、Fernando Garibay作词，Nasri Atweh、林俊杰、Fernando Garibay、Ramiro Padilla、Daniel Padilla作曲 [1-2]，收录在林俊杰2020年10月20日由华纳唱片发行的双维度EP专辑《幸存者·如你》中的《Like You Do 如你》EP中 [1]。
42,Not Tonight,《Not Tonight》是2020年林俊杰演唱的歌曲。
43,All In Your Mind,《All In Your Mind》是林俊杰演唱的歌曲，收录于林俊杰2020年发行的英文EP《Like You Do》 [1]。
44,Head On,《Head On》是林俊杰演唱的歌曲，由Shungudzo Kuyimba、林俊杰、Tushar Apte创作词曲，收录于林俊杰2020年发行的英文EP《Like You Do》 [1]。
45,Steady My Love,《Steady My Love》是林俊杰演唱的歌曲，收录于音乐专辑《Like You Do》 [1]。
46,过,《过》是由林怡凤作词，王嘉尔、林俊杰和BOYTOY作曲，王嘉尔、林俊杰共同演唱的歌曲，发行于2020年12月17日 [1]。
47,最向往的地方,《最向往的地方》是由杨彤作词，林俊杰作曲并演唱的一首歌曲，收录于2020年10月20日发行的专辑《幸存者 Drifter》中。 [1]
48,交换余生,《交换余生》是林俊杰演唱的歌曲，由易家扬作词，林俊杰作曲，收录于林俊杰2020年发行的音乐EP《幸存者》。
49,幸存者,《幸存者》是由小寒作词，林俊杰作曲并演唱的歌曲，收录于林俊杰2020年10月20日发行的同名EP《幸存者》和双EP专辑《幸存者·如你》中 [2]。
50,离开的那一些,《离开的那一些》是由方文山作词，林俊杰作曲并演唱的一首歌曲，收录于林俊杰2020年10月20日发行的双EP专辑《幸存者·如你》的《幸存者》EP中。 [1-2]
51,最好是,《最好是》是由张怀秋作词，林俊杰作曲并演唱的一首歌曲，收录于专辑《幸存者 Drifter》中。 [1]
52,暂时的记号,《暂时的记号》是由葛大为作词，林俊杰作曲并演唱的一首歌曲，收录于林俊杰2020年10月20日发行的双EP专辑《幸存者·如你》的《幸存者》EP中。 
53,交换余生,《交换余生》是林俊杰演唱的歌曲，由易家扬作词，林俊杰作曲，收录于林俊杰2020年发行的音乐EP《幸存者》。
54,背对背拥抱,《背对背拥抱》是林俊杰演唱的一首歌曲，由林怡凤作词，林俊杰作曲，吴庆隆编曲，收录在林俊杰2009年12月18日发行的专辑《100天》中。
55,As I Believe,《As I Believe》是林俊杰演唱的歌曲，由Dick Lee填词，林俊杰作曲，于2019年10月17日发行。歌曲是《对的时间点》的英文版 [1]。
56,Wonderland,《Wonderland》是由张怀秋填词，林俊杰作曲、编曲、制作并演唱的一首歌曲。 [1]于2019年10月14日发行。
57,将故事写成我们,《将故事写成我们》是林俊杰演唱的歌曲，由方文山作词，林俊杰作曲，于2019年9月20日以单曲形式发行。
58,对的时间点,《对的时间点》是林俊杰于2019年8月26日发行的专辑，共收录2首歌曲。
59,As I Believe,《As I Believe》是林俊杰演唱的歌曲，由Dick Lee填词，林俊杰作曲，于2019年10月17日发行。歌曲是《对的时间点》的英文版 [1]。
60,进阶,《进阶》是由林怡凤作词，林俊杰作曲、编曲并演唱的单曲，于2018年12月27日发行。
61,飞云之下,《飞云之下》是韩红和林俊杰演唱的歌曲，由易家扬作词，林俊杰作曲，于2018年4月23日作为单曲发行 [1]。
62,Despacito 缓缓,《缓缓》是西班牙语歌曲《Despacito》的中文版本，由原唱路易斯·冯西邀请林俊杰合唱，路易斯·冯西、Erika Ender、林俊杰、Jovany Barreto、Hong Tat Tong共同作曲，路易斯·冯西、Erika Ender、张怀秋共同作词，于2018年1月26日正式发行。 [1]
63,圣所,《圣所》是林俊杰演唱的歌曲，由张思尔作词，林俊杰作曲，收录在林俊杰2017年12月28日发行的概念专辑《伟大的渺小》中。
64,伟大的渺小,《伟大的渺小》是林俊杰演唱的歌曲，由小寒填词，林俊杰谱曲，收录于林俊杰2017年发行的专辑《伟大的渺小》。
65,穿越,《穿越》是林俊杰演唱的歌曲，由林雨果作词，林俊杰作曲，收录在林俊杰2017年12月29日发行的概念专辑《伟大的渺小》中。
66,四点四十四,《四点四十四》是林俊杰演唱的歌曲，由张怀秋作词，林俊杰作曲，收录在林俊杰2017年12月29日发行的概念专辑《伟大的渺小》中。
67,我继续,《我继续》是林俊杰演唱的歌曲，由方文山作词，林俊杰作曲，收录在林俊杰2017年12月28日发行的概念专辑《伟大的渺小》中。
68,剪云者,《剪云者》是林俊杰演唱的歌曲，由易家扬作词，林俊杰作曲，收录在林俊杰2017年12月29日发行的概念专辑《伟大的渺小》中。
69,黑夜问白天,《黑夜问白天》是由易家扬作词，林俊杰作曲并演唱的一首歌曲，收录在林俊杰2017年12月28日发行的专辑《伟大的渺小》中。
70,丹宁执着,《丹宁执着》是由周信廷作词，林俊杰作曲，林俊杰和“消除联萌”演唱的歌曲 [1-2]，收录在林俊杰于2017年12月29日发行的概念专辑《伟大的渺小》中 [3]。
71,身为风帆,《身为风帆》是林俊杰演唱的歌曲，由姚若龙作词，林俊杰作曲，收录在林俊杰2017年12月29日发行的概念专辑《伟大的渺小》中。
72,小瓶子,《小瓶子》是林俊杰演唱的歌曲，由林俊杰、林怡凤作词，林俊杰作曲，作为林俊杰2017年12月28日发行的概念专辑《伟大的渺小》中细腻抒情主打，也是电影《假如王子睡着了》的印象曲。 [1]
73,Until the Day,《Until The Day》是由林俊杰亲自作词作曲并演唱的一首歌曲，也是专辑同名主打歌《伟大的渺小》的英文版，收录于2017年12月29日推出的第13张个人专辑《伟大的渺小》中。
74,黑夜问白天,《黑夜问白天》是由易家扬作词，林俊杰作曲并演唱的一首歌曲，收录在林俊杰2017年12月28日发行的专辑《伟大的渺小》中。
75,小瓶子,《小瓶子》是林俊杰演唱的歌曲，由林俊杰、林怡凤作词，林俊杰作曲，作为林俊杰2017年12月28日发行的概念专辑《伟大的渺小》中细腻抒情主打，也是电影《假如王子睡着了》的印象曲。 [1]
76,伟大的渺小,《伟大的渺小》是林俊杰演唱的歌曲，由小寒填词，林俊杰谱曲，收录于林俊杰2017年发行的专辑《伟大的渺小》。
77,Until The Day,《Until The Day》是由林俊杰亲自作词作曲并演唱的一首歌曲，也是专辑同名主打歌《伟大的渺小》的英文版，收录于2017年12月29日推出的第13张个人专辑《伟大的渺小》中。
78,丹宁执着,《丹宁执着》是由周信廷作词，林俊杰作曲，林俊杰和“消除联萌”演唱的歌曲 [1-2]，收录在林俊杰于2017年12月29日发行的概念专辑《伟大的渺小》中 [3]。
79,2infinity And Beyond,《2infinity And Beyond》林俊杰与日本潮牌教父Nigo合作的“Time Machine 时光机”主题曲，由Kyler England作词，林俊杰包揽作曲、编曲和制作，于2016年9月15日正式发行 [1]。
80,超越无限,《超越无限》是由林怡凤填词，林俊杰谱曲并演唱的歌曲，收录于2016年6月21日由华纳音乐发行的同名专辑《超越无限》中。是林俊杰个人音乐纪录片《听·见林俊杰》的主题曲 [1]。
81,序曲：调音,《序曲：调音》是林俊杰创作的音乐，收录在林俊杰于2015年12月25日发行的实验专辑《和自己对话》中 [1]。
82,不为谁而作的歌,《不为谁而作的歌》是林俊杰演唱的一首歌曲，由林秋离填词，林俊杰谱曲，收录在林俊杰于2015年12月25日发行的实验专辑《和自己对话》中 [25]，为该专辑的首波主打 [1]。
83,序曲：中场休息,《序曲：中场休息》是林俊杰创作的音乐，收录在林俊杰于2015年12月25日发行的实验专辑《和自己对话》中 [1]。
84,关键词,《关键词》是林俊杰演唱的一首歌曲，由林怡凤填词，林俊杰谱曲，吴庆隆编曲，收录在林俊杰于2015年12月25日发行的实验专辑《和自己对话》中，为该专辑的第三波主打，也是Horae Beauté韩媞的形象主题曲 [1-2]。
85,弹唱,《弹唱》是林俊杰演唱的一首歌曲，由张思尔填词，林俊杰谱曲，收录在2015年12月25日发行的实验专辑《和自己对话》中，为专辑的第四波主打。 [1]
86,有梦不难,《有梦不难》是林俊杰与张怀颢、周信廷合唱的一首歌曲，由方文山填词，林俊杰谱曲，收录在林俊杰于2015年12月25日发行的实验专辑《和自己对话》中，为该专辑的第二波主打 [1]。
87,序曲：Welcome to the Livehouse,《序曲：Welcome to the Livehouse》是林俊杰讲述的口白，收录在林俊杰于2015年12月25日发行的实验专辑《和自己对话》中 [1]。
88,Too Bad,《Too Bad》是林俊杰演唱的一首歌曲，由林俊杰谱曲，并与林怡凤共同填词，收录在林俊杰于2015年12月25日发行的实验专辑《和自己对话》中，为该专辑的第六波主打 [1]。
89,序曲：12年前,《序曲：12年前》是林俊杰、范维仁、Ken讲述的口白，收录在林俊杰于2015年12月25日发行的实验专辑《和自己对话》中 [1]。
90,现在的我和她,《现在的我和她》是林俊杰与范维仁合唱的一首歌曲，由范维仁填词，林俊杰谱曲，收录在林俊杰于2015年12月25日发行的实验专辑《和自己对话》中 [1]。
91,序曲：海边 初,《序曲：海边 初》是林俊杰创作的音乐，收录在林俊杰于2015年12月25日发行的实验专辑《和自己对话》中 [1]。
92,Lier and Accuser,《Lier and Accuser》是林俊杰演唱的一首歌曲，由林俊杰填词、谱曲，收录在林俊杰于2015年12月25日发行的实验专辑《和自己对话》中 [1]。
93,独舞,《独舞》是林俊杰演唱的一首歌曲，由吴青峰填词，林俊杰谱曲，收录在林俊杰于2015年12月25日发行的实验专辑《和自己对话》中 [1]。
94,序曲：海边 终,《序曲：海边 终》是林俊杰创作的音乐，收录在林俊杰于2015年12月25日发行的实验专辑《和自己对话》中 [1]。
95,你，有没有过,《你，有没有过》是林俊杰演唱的一首歌曲，由林怡凤填词，林俊杰谱曲，收录在林俊杰于2015年12月25日发行的实验专辑《和自己对话》中，为电影《破风》的主题曲 [1]。
96,只要有你的地方,《只要有你的地方》是林俊杰演唱的一首歌曲，由林夕填词，林俊杰谱曲，收录在林俊杰于2015年12月25日发行的实验专辑《和自己对话》中，为电影《消失爱人》的主题曲 [1-2]。
97,有梦不难,《有梦不难》是林俊杰与张怀颢、周信廷合唱的一首歌曲，由方文山填词，林俊杰谱曲，收录在林俊杰于2015年12月25日发行的实验专辑《和自己对话》中，为该专辑的第二波主打 [1]。
98,不为谁而作的歌,《不为谁而作的歌》是林俊杰演唱的一首歌曲，由林秋离填词，林俊杰谱曲，收录在林俊杰于2015年12月25日发行的实验专辑《和自己对话》中 [25]，为该专辑的首波主打 [1]。
99,Dreams,《Dreams》是林俊杰演唱的一首歌曲，由林俊杰、吴庆隆合作谱曲， [2]符美芸填词，为2015年新加坡妆艺大游行主题曲。
100,只要有你的地方,《只要有你的地方》是林俊杰演唱的一首歌曲，由林夕填词，林俊杰谱曲，收录在林俊杰于2015年12月25日发行的实验专辑《和自己对话》中，为电影《消失爱人》的主题曲 [1-2]。
101,你，有没有过,《你，有没有过》是林俊杰演唱的一首歌曲，由林怡凤填词，林俊杰谱曲，收录在林俊杰于2015年12月25日发行的实验专辑《和自己对话》中，为电影《破风》的主题曲 [1]。
102,Our Singapore,《Our Singapore》由李迪文填词谱曲，林俊杰演唱，为新加坡50周年国庆主题曲。
103,I Pray For You,《I Pray For You》是由罗文裕填词，林俊杰谱曲并演唱，为台湾八仙尘爆（即6·27新北游乐园粉尘爆炸事故）伤者祈福的首支公益歌曲。
104,回,《回》收录在2014年林俊杰第11张个人专辑《新地球GENESIS》中，为《新地球Genesis》专辑的序曲，由林俊杰作曲及编曲。 [1]
105,新地球,《新地球》是林俊杰演唱的一首歌曲，由林秋离填词，林俊杰谱曲、编曲，收录在林俊杰2014年12月27日由华纳唱片发行的专辑《新地球》中，是该专辑的同名主打歌 [1]。
106,水仙,《水仙》收录在2014年林俊杰第11张个人专辑《新地球GENESIS》中，由王雅君作词，林俊杰作曲并演唱。 [1-2] [4]
107,浪漫血液,《浪漫血液》是林俊杰演唱的一首歌曲，由姚若龙填词，林俊杰谱曲，Martin Tang编曲，收录在林俊杰2014年12月27日发行的专辑《新地球》中 [2]，也是韩剧《我的爱蝴蝶夫人》的中文片头曲 [1]。
108,黑键,《黑键》是由五月天阿信填词，林俊杰谱曲并演唱的歌曲，收录于林俊杰第11张个人专辑《新地球GENESIS》中，是2015年DOTA2亚洲邀请赛的主题曲 [1]。2016年4月10日，林俊杰凭借该曲获得第四届音悦V榜年度盛典港台最佳男歌手奖。 [6]
109,手心的蔷薇,《手心的蔷薇》是林俊杰、邓紫棋演唱的歌曲，由林怡凤作词，林俊杰作曲，收录于林俊杰2014年12月27日发行的音乐专辑《新地球》 [1] [4]。
110,可惜没如果,《可惜没如果》由林夕作词，蔡政勋编曲，林俊杰作曲并演唱的歌曲，收录在林俊杰第11张个人专辑《新地球GENESIS》中，是专辑的首波抒情主打，同时也是韩剧《杜鹃之巢》的中文主题曲、《对我而言，可爱的她》的中文片尾曲。
111,I Am Alive,《I Am Alive》是由林俊杰、杰森·玛耶兹、Micheal Natter、Nancy Natter填词，林俊杰、杰森·玛耶兹作曲并演唱的一首歌曲，收录在林俊杰2014年12月27日发行的专辑《新地球GENESIS》中 [1]。
112,爱的鼓励,    《爱的鼓励》是林俊杰演唱的歌曲，由林俊杰作曲，吴青峰作词，收录于2014年12月27日发行的《新地球GENESIS》专辑中。是《一见不钟情》电视剧片头曲。 [4]
113,茉莉雨,《茉莉雨》是林俊杰演唱的一首歌曲，由方文山作词，林俊杰作曲，蔡政勋编曲， [1]收录在林俊杰2014年12月27日发行第11张个人专辑《新地球GENESIS》中。
114,生生,《生生》是林俊杰演唱的一首歌曲，由林怡凤作词，林俊杰作曲，吴庆隆编曲，收录在林俊杰2014年12月27日发行的专辑《新地球GENESIS》中 [1]。
115,Lamando,《Lamando》收录在林俊杰第11张个人专辑《新地球GENESIS》（内地版）中，由Kenn C编曲，李若君作词，林俊杰谱曲并演唱。本歌曲为上海大众Lamando凌渡广告主题曲。 [1]
116,Checkmate,《Checkmate》收录在郑容和solo专辑《One Fine Day》及林俊杰第11张个人专辑《新地球》（附赠曲目）中，由郑容和、李祥浩编曲，郑容和作曲，林俊杰、郑容和作词并演唱 [1]。
117,回,《回》收录在2014年林俊杰第11张个人专辑《新地球GENESIS》中，为《新地球Genesis》专辑的序曲，由林俊杰作曲及编曲。 [1]
118,新地球,《新地球》是林俊杰演唱的一首歌曲，由林秋离填词，林俊杰谱曲、编曲，收录在林俊杰2014年12月27日由华纳唱片发行的专辑《新地球》中，是该专辑的同名主打歌 [1]。
119,水仙,《水仙》收录在2014年林俊杰第11张个人专辑《新地球GENESIS》中，由王雅君作词，林俊杰作曲并演唱。 [1-2] [4]
120,浪漫血液,《浪漫血液》是林俊杰演唱的一首歌曲，由姚若龙填词，林俊杰谱曲，Martin Tang编曲，收录在林俊杰2014年12月27日发行的专辑《新地球》中 [2]，也是韩剧《我的爱蝴蝶夫人》的中文片头曲 [1]。
121,黑键,《黑键》是由五月天阿信填词，林俊杰谱曲并演唱的歌曲，收录于林俊杰第11张个人专辑《新地球GENESIS》中，是2015年DOTA2亚洲邀请赛的主题曲 [1]。2016年4月10日，林俊杰凭借该曲获得第四届音悦V榜年度盛典港台最佳男歌手奖。 [6]
122,手心的蔷薇,《手心的蔷薇》是林俊杰、邓紫棋演唱的歌曲，由林怡凤作词，林俊杰作曲，收录于林俊杰2014年12月27日发行的音乐专辑《新地球》 [1] [4]。
123,可惜没如果,《可惜没如果》由林夕作词，蔡政勋编曲，林俊杰作曲并演唱的歌曲，收录在林俊杰第11张个人专辑《新地球GENESIS》中，是专辑的首波抒情主打，同时也是韩剧《杜鹃之巢》的中文主题曲、《对我而言，可爱的她》的中文片尾曲。
124,I Am Alive,《I Am Alive》是由林俊杰、杰森·玛耶兹、Micheal Natter、Nancy Natter填词，林俊杰、杰森·玛耶兹作曲并演唱的一首歌曲，收录在林俊杰2014年12月27日发行的专辑《新地球GENESIS》中 [1]。
125,爱的鼓励,    《爱的鼓励》是林俊杰演唱的歌曲，由林俊杰作曲，吴青峰作词，收录于2014年12月27日发行的《新地球GENESIS》专辑中。是《一见不钟情》电视剧片头曲。 [4]
126,茉莉雨,《茉莉雨》是林俊杰演唱的一首歌曲，由方文山作词，林俊杰作曲，蔡政勋编曲， [1]收录在林俊杰2014年12月27日发行第11张个人专辑《新地球GENESIS》中。
127,生生,《生生》是林俊杰演唱的一首歌曲，由林怡凤作词，林俊杰作曲，吴庆隆编曲，收录在林俊杰2014年12月27日发行的专辑《新地球GENESIS》中 [1]。
128,因你而在,《因你而在》是林俊杰第十张音乐专辑《因你而在 Stories Untold》中的同名主打歌曲，由林俊杰作曲，王雅君作词。于2013年1月31日发布试听版本，2月6日发布正式版本，2月19日发布MV。
129,零度的亲吻,《零度的亲吻》是林俊杰演唱的歌曲，收录在2013年3月13日正式发行的专辑《因你而在》。
130,黑暗骑士,《黑暗骑士》是林俊杰与五月天合作的一首单曲，由陈信宏填词，林俊杰谱曲，林俊杰、陈信宏演唱，收录于林俊杰2013年3月13日发行的专辑《因你而在》中 [1-2]。该曲是林俊杰和陈信宏合作的“黑色三部曲”系列的第二部。
131,修炼爱情,《修炼爱情》是林俊杰演唱的一首歌曲，由易家扬作词，林俊杰作曲，吴庆隆编曲 [6]，于2013年2月21日以单曲形式发行 [16]，后收录在林俊杰同年3月13日由华纳唱片发行的专辑《因你而在》中 [6]。
132,飞机,《飞机》是林俊杰、林俊峰演唱的歌曲，由张思尔填词，林俊杰谱曲，收录在专辑《因你而在 Stories Untold》中。
133,巴洛克先生,《巴洛克先生》是林俊杰第十张音乐专辑《因你而在 Stories Untold》中的间奏曲（interlude），原曲J.S.巴赫，改编自No.13 in A Minor，由林俊杰与王力宏共同编曲，并由王力宏小提琴特别演奏，于2013年3月13日，由华纳唱片发行。
134,One Shot,《One Shot》是林俊杰第十张个人专辑《因你而在 Stories Untold》中的英文歌曲，由林俊杰作曲，林俊杰/Mike Chang作词，王力宏小提琴特别演奏，于2013年3月13日，由华纳音乐正式发行。 [1]
135,裂缝中的阳光,《裂缝中的阳光》是林俊杰演唱的一首歌，由吴青峰填词，林俊杰谱曲，收录于个人专辑《因你而在 Stories Untold》中，专辑于2013年3月13日正式发行。
136,友人说,《友人说》是林俊杰第十张个人专辑《因你而在 Stories Untold》中的歌曲，由林俊杰作曲，李念和作词，并与大嘴巴成员张怀秋合唱。于2013年3月13日正式发行。 [1]
137,十秒的冲动,《十秒的冲动》是林俊杰第十张个人专辑《因你而在 Stories Untold》中歌曲《十秒的冲动》的微电影，由傅天余执导，林俊杰、张卓楠、曾恺玹主演。 [1]
138,以后要做的事,《以后要做的事》是林俊杰第十张个人专辑《因你而在 Stories Untold》中的歌曲，专辑于2013年3月13日正式发行。
139,修炼爱情,《修炼爱情》是林俊杰演唱的一首歌曲，由易家扬作词，林俊杰作曲，吴庆隆编曲 [6]，于2013年2月21日以单曲形式发行 [16]，后收录在林俊杰同年3月13日由华纳唱片发行的专辑《因你而在》中 [6]。
140,翅膀,《翅膀》是林俊杰演唱的歌曲，由张思尔作词，林俊杰作曲，收录在林俊杰2003年4月10日发行的个人第一张专辑《乐行者》中。 [1]
141,不懂,《不懂》是林俊杰演唱的歌曲，由张思尔填词，林俊杰谱曲，收录在专辑《乐行者》中。
142,江南,《第二天堂》是林俊杰于2004年6月4日发行的第二张个人创作专辑，共收录15首歌曲。专辑由许环良监作，林俊杰包办整张专辑作曲，同时参与了编曲及制作。歌词大部分的填写及概念部分，则由林秋离把握。 [1]
143,害怕,《害怕》是林俊杰演唱的歌曲，由李瑞洵作词，林俊杰作曲，收录在林俊杰2004年6月4日发行的专辑《第二天堂》中。 [1]
144,一千年以后,歌曲《一千年以后》，由林俊杰演唱，林秋离作词 [16]，林俊杰作曲，收录在林俊杰2005年4月1日发行的专辑《编号89757》中。
145,简简单单,《简简单单》是2005年4月1日林俊杰演唱的歌曲，由向月娥、张思尔作词，林俊杰作曲，收录在林俊杰发行的专辑《编号89757》中。 [1]
146,原来,《原来》是张思尔、林秋离作词，林俊杰作曲、演唱的一首歌曲，收录在林俊杰2006年2月17日发行的音乐专辑《曹操》中。 [1]
147,西界,《西界》是林俊杰2007年发行的专辑 [1]。作词者包括林秋离、林怡凤等人，作曲由林俊杰一人完成，全专辑共收录13首歌曲。
148,不流泪的机场,《不流泪的机场》是林俊杰演唱的歌曲，由陈嘉文作词，林俊杰作曲，收录在林俊杰2007年6月29日发行的专辑《西界》中。
149,小酒窝,《小酒窝》是林俊杰和蔡卓妍合唱的歌曲，由王雅君作词，林俊杰作曲，林俊杰、吴剑泓共同编曲 [1]，首发于2008年9月29日 [2]，收录在林俊杰2008年10月18日由海蝶音乐发行的专辑《JJ陆》 [3]以及蔡卓妍2009年4月6日由英皇娱乐发行的专辑《二缺一》中 [4] 。
150,爱与希望,《爱与希望》是林俊杰演唱的一首赈灾励志歌曲，由王雅君作词，林俊杰作曲、编曲，首发于2008年5月15日，后收录在林俊杰2008年10月18日发行的专辑《JJ陆》中 [1]。该歌曲是林俊杰为5·12汶川地震特别制作的赈灾励志歌曲。
151,第几个100天,《第几个100天》是林俊杰演唱的歌曲，由姚若龙作词，林俊杰作曲，首发于2009年12月2日 [1]，收录在林俊杰2009年12月18日推出的专辑《100天》中。
152,背对背拥抱,《背对背拥抱》是林俊杰演唱的一首歌曲，由林怡凤作词，林俊杰作曲，吴庆隆编曲，收录在林俊杰2009年12月18日发行的专辑《100天》中。
153,她说,《她说》是由孙燕姿填词，林俊杰谱曲并演唱的歌曲，收录于林俊杰2010年12月8日发行的专辑《她说》中。
154,爱笑的眼睛,《爱笑的眼睛》林俊杰版本，由洪瑞业作词，林俊杰作曲，2005年发行于中国台湾女歌手徐若瑄的专辑《狠狠爱》中 [1]，后由林俊杰重新演唱收录在2010年12月8日发行的概念自选辑《她说》。
155,就是我,《就是我》是林俊杰演唱的歌曲，由张思尔作词，林俊杰作曲，Case Woo编曲，林俊杰、许环良共同制作，收录在林俊杰2003年4月4日发行的个人首张录音室专辑《乐行者》中 [2]。
156,会读书,歌曲《会读书》，由林俊杰演唱，张思尔填词，林俊杰谱曲，收录在专辑《乐行者》中。 [1]
157,第二天堂,《第二天堂》是林俊杰演唱的歌曲，由林秋离、张良忠作词，林俊杰作曲，林俊杰、Jacob Lin编曲 [1]，收录在林俊杰2004年6月4日发行的专辑《第二天堂》中。 [2]
158,子弹列车,《子弹列车》是林俊杰演唱的歌曲，由方文山作词，林俊杰作曲，收录在林俊杰2004年6月4日发行的专辑《第二天堂》中 [1]。
159,编号89757,《编号89757》是林俊杰2005年发行的全创作专辑 [1]。专辑共收录十二首歌曲，作词者包括林俊杰、林秋离等人，作曲全部由林俊杰一人完成。
160,木乃伊,《木乃伊》是林俊杰演唱的歌曲，由林秋离、简胜作词，林俊杰作曲，收录在林俊杰2005年4月1日发行的专辑《编号89757》中。 [1]
161,曹操,《曹操》是林俊杰于2006年2月17日发行的音乐专辑，由林俊杰担任制作人，共收录11首歌曲（中国大陆版为10首歌曲，马来西亚版为12首歌曲）。
162,波间带,《波间带》是林俊杰演唱的歌曲，由林秋离作词，林俊杰作曲，收录在林俊杰2006年2月17日发行的专辑《曹操》中。
163,杀手,《杀手》是林俊杰演唱的歌曲，由林秋离作词，林俊杰作曲，收录在林俊杰2007年6月29日发行的专辑《西界》中。 [1]
164,不潮不用花钱,《不潮不用花钱》是林俊杰演唱的一首歌曲，由林怡凤、林俊杰（Rap部分）作词，林俊杰作曲，林俊杰、Kenn C共同编曲，王宇婕演唱女声Rap部分 [1]，收录在林俊杰2008年10月18日发行的专辑《JJ陆》中 [2]。
165,街道,《街道》是由林俊杰演唱的歌曲，由Dr Moon和Mr Mars作词，林俊杰作曲，收录于林俊杰2008年10月18日发行的专辑《JJ陆》中。
166,期待爱,《期待爱》是林俊杰和金莎合唱的歌曲，由林怡凤、许环良作词，林俊杰作曲，首发于2008年1月21日 [1]，收录在林俊杰2008年10月18日发行的专辑《JJ陆》中 [2]。
167,X,《X》是林俊杰演唱的歌曲，由林秋离作词，林俊杰作曲、编曲 [2]，收录在林俊杰2009年12月18日发行的专辑《100天》中 [1]。
168,加油！,《加油!》是林俊杰的音乐作品，林俊杰作曲，收录在《他是...JJ林俊杰》专辑中。
169,跟屁虫,《跟屁虫》是林俊杰演唱的歌曲，由Dr. Moon（林子钦）作词，林俊杰作曲，收录在林俊杰2009年12月18日发行的专辑《100天》中。 [1]
170,独奏,《独奏》是林俊杰创作的纯音乐，由林俊杰作曲，收录在林俊杰2011年12月31日发行的专辑《学不会》中。 [1]
171,学不会,《学不会》是由姚若龙作词，林俊杰作曲并演唱的歌曲，收录于林俊杰2011年12月31日发行的专辑《学不会》中。
172,故事细腻,《故事细腻》是林俊杰演唱的歌曲，歌曲由方文山作词，林俊杰作曲，收录在林俊杰2011年12月31日发行的专辑《学不会》中。 [1]
173,那些你很冒险的梦,《那些你很冒险的梦》是林俊杰演唱的歌曲，由王雅君作词，林俊杰作曲，收录在林俊杰2011年12月30日发行的专辑《学不会》中 [2]。
174,白羊梦,《白羊梦》是林俊杰演唱的歌曲，由葛大为作词，林俊杰作曲，收录在林俊杰2011年12月31日发行的专辑《学不会》中。 [1]
175,灵魂的共鸣,《灵魂的共鸣》是林俊杰演唱的一首歌曲，由吴易纬作词，林俊杰作曲，歌曲邀请来了郎朗共同演奏钢琴部分，收录在林俊杰2011年12月30日发行的专辑《学不会 Lost N Found》中 [3]。
176,We Together,《We Together》是林俊杰演唱的一首歌曲，由天天作词，林俊杰作曲，收录在林俊杰2011年12月31日发行的专辑《学不会 Lost N Found》中。2012年，这首歌曲的MV获得了音悦V榜港台榜周冠军 [1]。
177,Cinderella,《Cinderella》是林俊杰2011年音乐专辑《学不会 Lost N Found》中唯一的英文歌曲，词曲均由林俊杰完成。以Jazz旋律为基调，口吻浪漫，歌词诗意，并渗透着百老汇般斯文且成熟的男人味，有别于中文歌曲，可以听到相当不同的林俊杰，也是华人音乐中少见的音乐风格。 [1]
178,白兰花,《白兰花》是林俊杰演唱的一首歌曲，由林俊杰作曲，林秋离填词，收录在林俊杰2011年发行的专辑《学不会 Lost N Found》中 [1]。
179,陌生老朋友,《陌生老朋友》是林俊杰演唱的歌曲，由林夕作词，林俊杰作曲，收录在林俊杰2011年12月31日发行的专辑《学不会》中。 [1]
180,不存在的情人,《不存在的情人》是林俊杰演唱的一首歌曲，由林俊杰作曲，吴青峰填词，收录在林俊杰2011年12月30日发行的专辑《学不会 Lost N Found》中 [1]。
181,Love U U,《Love you you》是林俊杰演唱的一首歌曲，由林俊杰作曲、林天爱作词、蔡政勋编曲，是电影《夏日乐悠悠》的主题曲。收录在林俊杰2011年发行的专辑《学不会 Lost N Found》中。
182,她说,《她说》是由孙燕姿填词，林俊杰谱曲并演唱的歌曲，收录于林俊杰2010年12月8日发行的专辑《她说》中。
183,爱笑的眼睛,《爱笑的眼睛》林俊杰版本，由洪瑞业作词，林俊杰作曲，2005年发行于中国台湾女歌手徐若瑄的专辑《狠狠爱》中 [1]，后由林俊杰重新演唱收录在2010年12月8日发行的概念自选辑《她说》。
184,只对你有感觉,《只对你有感觉》是飞轮海和田馥甄合唱的一首歌曲，由张家玮作词、林俊杰作曲，该歌曲是电视剧《东方茱丽叶》的插曲。
185,当你,《当你》是王心凌演唱的歌曲，由张思尔填词，林俊杰谱曲，收录在专辑《Cyndi Begin》中。 [2]
186,一眼万年,《一眼万年》是S.H.E演唱的一首慢板抒情歌曲，由姚若龙填词，林俊杰谱曲，洪敬尧编曲 [1]。该歌曲是古装偶像剧《天外飞仙》的主题曲，最早收录于台湾华研国际音乐股份有限公司2006年2月10日发行的原声带专辑《天外飞仙电视原声带》中 [2]，后收录于S.H.E2006年7月21日由台湾华研国际音乐股份有限公司发行的《Forever 新歌+精选》 [3]中。
187,保护色,《保护色》是林俊杰和张韶涵演唱的歌曲，由王雅君、陈淑秋、林俊杰（Rap部分）作词，林俊杰作曲，收录在林俊杰2010年12月8日发行的概念自选辑《她说》中。
188,握不住的他,《握不住的他》是林俊杰演唱的歌曲，由林怡凤作词，林俊杰作曲，收录在林俊杰2010年12月8日发行的概念自选辑《她说》中。 [1]
189,心墙,《心墙》是电视剧《花样男子》的片尾曲和电视剧《海豚爱上猫》的插曲。歌曲由姚若龙作词，林俊杰作曲，郭静演唱，收录在其2009年发行的专辑《在树上唱歌》中。2009年，《心墙》获新加坡年度金曲奖以及中国原创音乐流行榜港台地区金曲奖。
190,我很想爱他,《我很想爱他》是由何启弘作词，林俊杰作曲，Twins演唱的一首歌曲，收录于Twins2006年6月15日发行的专辑《八十块环游世界》中。
191,一生的爱,《一生的爱》是林俊杰演唱的歌曲，由吴剑泓作词，林俊杰作曲，收录在林俊杰2010年12月8日发行的概念自选辑《她说》中。
192,记得,《记得》是张惠妹演唱的歌曲，易家扬作词，林俊杰作曲，吴庆隆编曲，收录在张惠妹2001年10月29日由华纳唱片发行的专辑《真实》中 [5]。该歌曲也是电视剧《两个女人的战争》的片头曲。
193,完美新世界,《完美新世界》是林俊杰演唱的歌曲，由林怡凤、Venus作词，林俊杰作曲，首发于2010年11月3日 [1]，收录在林俊杰2010年12月8日发行的概念自选辑《她说》中。
194,I AM,《I AM》是由林秋离作词，林俊杰作曲、演唱的一首歌曲，收录在他2010年发布的专辑《她说》中 [1]。这首歌也是林俊杰2010《I AM》世界巡回演唱会主题曲。 [2]
195,真材实料的我,《真材实料的我》 是林俊杰演唱的而歌曲，有Dr.Moon（林子钦）作词，林俊杰作曲，首发于2010年7月7日 [1]，收录在林俊杰2010年12月8日发行的概念自选辑《她说》（内地版、香港版）中。
196,Cheer Singapore,《Cheer Singapore》是林俊杰2010年4月为了新加坡青奥会所创作的单曲，意思为欢乐新加坡。
197,感动每一刻,《感动每一刻》由林俊杰作曲，歌词则由台湾著名作词人林秋离、本地著名制作人许环良和作词人Venus共同创作。
198,X,《X》是林俊杰演唱的歌曲，由林秋离作词，林俊杰作曲、编曲 [2]，收录在林俊杰2009年12月18日发行的专辑《100天》中 [1]。
199,第几个100天,《第几个100天》是林俊杰演唱的歌曲，由姚若龙作词，林俊杰作曲，首发于2009年12月2日 [1]，收录在林俊杰2009年12月18日推出的专辑《100天》中。
200,加油！,《加油!》是林俊杰的音乐作品，林俊杰作曲，收录在《他是...JJ林俊杰》专辑中。
201,无法克制,《无法克制》是林俊杰演唱的歌曲，由姚若龙作词，林俊杰作曲，收录在林俊杰2009年12月18日发行的专辑《100天》中。 [2]
202,背对背拥抱,《背对背拥抱》是林俊杰演唱的一首歌曲，由林怡凤作词，林俊杰作曲，吴庆隆编曲，收录在林俊杰2009年12月18日发行的专辑《100天》中。
203,跟屁虫,《跟屁虫》是林俊杰演唱的歌曲，由Dr. Moon（林子钦）作词，林俊杰作曲，收录在林俊杰2009年12月18日发行的专辑《100天》中。 [1]
204,一个又一个,《一个又一个》是林俊杰演唱的歌曲，由林宇中作词，林俊杰作曲，收录在林俊杰2009年12月18日发行的专辑《100天》中。
205,爱不会绝迹,《爱不会绝迹》是动画片《恐龙宝贝之龙神勇士》的主题曲，由王雅君作词，林俊杰作曲并演唱 [3]，于2009年7月发行 [4]，后收录在林俊杰同年12月18日由海蝶音乐发行的专辑《100天》中 [1]。
206,转动,《转动》是林俊杰演唱的歌曲，由廖莹如、许环良作词，林俊杰作曲，收录在林俊杰2009年12月18日发行的专辑《100天》中。 [1]
207,妈妈的娜鲁娃,《妈妈的娜鲁娃》是林俊杰演唱的歌曲，由张美香、许环良作词，林俊杰作曲，收录在林俊杰2009年12月18日发行的专辑《100天》中 [1]。
208,Still Moving Under Gunfire,《Still Moving Under Gunfire》是林俊杰演唱的歌曲，由林俊杰、MC Vader（Rap部分）作词，林俊杰作曲，收录在林俊杰2009年12月18日发行的专辑《100天》中。
209,表达爱,《表达爱》是林俊杰与廖君合唱的一首歌曲。由林怡凤、许环良、林蔚利作词，林俊杰作曲，首发于2009年2月14日，收录在林俊杰2009年12月18日发行的专辑《100天》中。 [1]
210,微笑上海,《微笑上海》是由陈少琪作词，庄冬昕作曲，由刘德华、李玟、林俊杰、羽·泉、张靓颖、萧敬腾、陈绮贞等歌手于2009年10月13日演唱的一首歌曲。该歌曲是2010年上海世博会倒计时200天纪念歌曲。
211,SIXOLOGY,《Sixology》是林俊杰创作的音乐，由林俊杰作曲，林俊杰口白，收录在林俊杰2008年10月18日发行的专辑《JJ陆》中。 [1]
212,不潮不用花钱,《不潮不用花钱》是林俊杰演唱的一首歌曲，由林怡凤、林俊杰（Rap部分）作词，林俊杰作曲，林俊杰、Kenn C共同编曲，王宇婕演唱女声Rap部分 [1]，收录在林俊杰2008年10月18日发行的专辑《JJ陆》中 [2]。
213,小酒窝,《小酒窝》是林俊杰和蔡卓妍合唱的歌曲，由王雅君作词，林俊杰作曲，林俊杰、吴剑泓共同编曲 [1]，首发于2008年9月29日 [2]，收录在林俊杰2008年10月18日由海蝶音乐发行的专辑《JJ陆》 [3]以及蔡卓妍2009年4月6日由英皇娱乐发行的专辑《二缺一》中 [4] 。
214,黑武士,《黑武士》是林俊杰演唱的一首歌曲，由陈信宏（五月天阿信）作词，林俊杰作曲，收录在林俊杰2008年10月18日发行的专辑《JJ陆》中。
215,醉赤壁,《醉赤壁》是林俊杰演唱的歌曲，由方文山作词，林俊杰作曲，蔡政勋编曲 [1]，收录在林俊杰2008年10月18日发行的专辑《JJ陆》中。 [2]
216,由你选择,《由你选择》是林俊杰和农夫FAMA合唱的歌曲，由农夫FAMA作词，林俊杰作曲，收录在林俊杰2008年10月18日发行的专辑《JJ陆》中。
217,Always Online,《Always Online》是林俊杰演唱的一首歌曲，由林怡凤作词，林俊杰作曲，陈建玮、蔡政勋编曲 [1]，收录在林俊杰2008年10月18日发行的专辑《JJ陆》中。 [2-3]
218,街道,《街道》是由林俊杰演唱的歌曲，由Dr Moon和Mr Mars作词，林俊杰作曲，收录于林俊杰2008年10月18日发行的专辑《JJ陆》中。
219,主角,《主角》是林俊杰和Machi（麻吉）（Rap部分）演唱的歌曲，由黄立成（Jeff）、崔惟楷（Luke）、洪健钧（Don P）、费聿锋（Suffa）和Mr.Mars作词，林俊杰作曲，收录在林俊杰2008年10月18日发行的专辑《JJ陆》中。 [1]
220,我还想她,《我还想她》是林俊杰演唱的一首歌曲，由邢增华作词，林俊杰作曲，收录在林俊杰于2008年10月18日发行的专辑《JJ陆》中。该歌曲也是2011年播出的电视剧《爱情睡醒了》的插曲。 [1-2]
221,点一把火炬,《点一把火炬》是林俊杰演唱的歌曲，由许环良作词，林俊杰作曲，首发于2008年6月由SAMSUNG Anycall为2008年北京奥运会火炬传递特别制作，收录在林俊杰2008年10月18日发行的专辑《JJ陆》中。 [1]
222,期待爱,《期待爱》是林俊杰和金莎合唱的歌曲，由林怡凤、许环良作词，林俊杰作曲，首发于2008年1月21日 [1]，收录在林俊杰2008年10月18日发行的专辑《JJ陆》中 [2]。
223,Cries in a Distance,《Cries In A Distance》是林俊杰演唱的歌曲，由林俊杰作词、作曲，收录在2008年10月18日发行的专辑《JJ陆》中。
224,爱与希望,《爱与希望》是林俊杰演唱的一首赈灾励志歌曲，由王雅君作词，林俊杰作曲、编曲，首发于2008年5月15日，后收录在林俊杰2008年10月18日发行的专辑《JJ陆》中 [1]。该歌曲是林俊杰为5·12汶川地震特别制作的赈灾励志歌曲。
225,听见幸福,《听见幸福》是林俊杰演唱的歌曲，由林宇中填词，林宇中谱曲。 [2]
226,Hurray一起摇,《Hurray一起摇》是林俊杰演唱的歌曲，由林宇中、许环良作词，林俊杰作曲。 [1]
227,独白,《独白》是林俊杰创作的音乐，由林俊杰作曲，王传一口白，收录在林俊杰2007年6月29日发行的专辑《西界》中。
228,杀手,《杀手》是林俊杰演唱的歌曲，由林秋离作词，林俊杰作曲，收录在林俊杰2007年6月29日发行的专辑《西界》中。 [1]
229,西界,《西界》是林俊杰2007年发行的专辑 [1]。作词者包括林秋离、林怡凤等人，作曲由林俊杰一人完成，全专辑共收录13首歌曲。
230,杀手@续,《杀手@续》是林俊杰演唱的歌曲，由林秋离作词，林俊杰作曲，收录在林俊杰2007年6月29日发行的专辑《西界》中。 [1]
231,无聊,《无聊》是林俊杰演唱的一首歌曲，由林秋离作词，林俊杰作曲，收录在林俊杰2007年6月29日发行的专辑《西界》中。 [1]
232,K-O,《K-O》是林俊杰演唱的歌曲，由林秋离、林子钦（Rap部分）作词，林俊杰作曲，收录在林俊杰2007年6月29日发行的专辑《西界》中。 [1]
233,大男人·小女孩,《大男人·小女孩》是林俊杰作词、作曲并演唱的歌曲，收录于林俊杰2007年6月29日发行的专辑《西界》中。 [1]
234,单挑,《单挑》是林俊杰创作的音乐，由林俊杰作曲，林俊杰、张怀颢（Mike）口白，收录在林俊杰2007年6月29日发行的专辑《西界》中。 [1]
235,L-O-V-E,《L-O-V-E》是林俊杰、洪俊扬合唱的歌曲，由林怡凤作词，林俊杰作曲，收录在林俊杰2007年6月29日发行的专辑《西界》及洪俊扬2006年5月26日发行的专辑《独角兽》中。 [1]
236,发现爱,《发现爱》是林俊杰和金莎合唱的一首歌曲，由林怡凤作词，林俊杰作曲，首发于2007年2月14日，收录在林俊杰2007年6月29日发行的专辑《西界》中。
237,不流泪的机场,《不流泪的机场》是林俊杰演唱的歌曲，由陈嘉文作词，林俊杰作曲，收录在林俊杰2007年6月29日发行的专辑《西界》中。
238,Baby Baby,《baby baby》是林俊杰演唱的歌曲，由林秋离、林宇中作词，林俊杰作曲，收录在林俊杰2007年6月29日发行的专辑《西界》中。
239,自由不变,《自由不变》是林俊杰演唱的歌曲，由林秋离作词，林俊杰作曲，收录在林俊杰2007年6月29日发行的专辑《西界》中。
240,忘记,《忘记》是林俊杰演唱的歌曲，由林秋离作词，林俊杰作曲，收录在林俊杰2006年12月29日发行的专辑《2006就是俊杰世界巡回演唱会》中。 [1]
241,忘记,《忘记》是林俊杰演唱的歌曲，由林秋离作词，林俊杰作曲，收录在林俊杰2006年12月29日发行的专辑《2006就是俊杰世界巡回演唱会》中。 [1]
242,忘记,《忘记》是林俊杰演唱的歌曲，由林秋离作词，林俊杰作曲，收录在林俊杰2006年12月29日发行的专辑《2006就是俊杰世界巡回演唱会》中。 [1]
243,曹操,《曹操》是林俊杰于2006年2月17日发行的音乐专辑，由林俊杰担任制作人，共收录11首歌曲（中国大陆版为10首歌曲，马来西亚版为12首歌曲）。
244,熟能生巧,《熟能生巧》是林俊杰演唱的歌曲，由林秋离作词，林俊杰作曲，收录在林俊杰2006年2月17日发行的专辑《曹操》中。 [1]
245,波间带,《波间带》是林俊杰演唱的歌曲，由林秋离作词，林俊杰作曲，收录在林俊杰2006年2月17日发行的专辑《曹操》中。
246,原来,《原来》是张思尔、林秋离作词，林俊杰作曲、演唱的一首歌曲，收录在林俊杰2006年2月17日发行的音乐专辑《曹操》中。 [1]
247,不死之身,《不死之身》是林俊杰演唱的一首歌曲，由林秋离、张思尔作词，林俊杰作曲，收录在林俊杰2006年2月17日发行的专辑《曹操》中。 [1]
248,爱情Yogurt,《爱情yogurt》是林俊杰演唱的歌曲，由林怡凤作词，林俊杰作曲，收录在林俊杰2006年2月17日发行的专辑《曹操》中。
249,进化论,《进化论》是林俊杰演唱的歌曲，由陈镇川作词，林俊杰作曲，收录在林俊杰2006年2月17日发行的专辑《曹操》中。 [1]
250,Now That She's Gone,《Now That She's Gone》是林俊杰演唱的歌曲，由林俊杰作词、作曲，收录在林俊杰2006年2月17日发行的专辑《曹操》中。
251,你要的不是我,《你要的不是我》是林俊杰演唱的歌曲，由林怡凤作词、林俊杰作曲，收录在林俊杰2006年2月17日发行的专辑《曹操》中。 [1]
252,流行主教,《流行主教》是林俊杰演唱的歌曲，由林宇中作词，林俊杰作曲，收录在林俊杰2006年1月23日发行的专辑《曹操》的预售版中，以及收录在林俊杰2006年2月21日发行的专辑《曹操》（马来西亚版）中。 [1]
253,流行主教,《流行主教》是林俊杰演唱的歌曲，由林宇中作词，林俊杰作曲，收录在林俊杰2006年1月23日发行的专辑《曹操》的预售版中，以及收录在林俊杰2006年2月21日发行的专辑《曹操》（马来西亚版）中。 [1]
254,一千年以前,《一千年以前》是林俊杰创作的纯音乐，收录在林俊杰2005年4月1日发行的专辑《编号89757》中。
255,木乃伊,《木乃伊》是林俊杰演唱的歌曲，由林秋离、简胜作词，林俊杰作曲，收录在林俊杰2005年4月1日发行的专辑《编号89757》中。 [1]
256,编号89757,《编号89757》是林俊杰2005年发行的全创作专辑 [1]。专辑共收录十二首歌曲，作词者包括林俊杰、林秋离等人，作曲全部由林俊杰一人完成。
257,莎士比亚的天份,《莎士比亚的天份》是林俊杰演唱的歌曲，由林俊杰作词、作曲，收录于林俊杰2005年4月1日发行的专辑《编号89757》中。
258,突然累了,《突然累了》是林俊杰演唱的歌曲，由林秋离填词，林俊杰谱曲，收录在专辑《编号89757》中。
259,明天,《明天》是林俊杰演唱的歌曲，由李瑞洵作词，林俊杰作曲，收录在林俊杰2005年4月1日发行的专辑《编号89757》中。
260,简简单单,《简简单单》是2005年4月1日林俊杰演唱的歌曲，由向月娥、张思尔作词，林俊杰作曲，收录在林俊杰发行的专辑《编号89757》中。 [1]
261,无尽的思念,《无尽的思念》是林俊杰演唱的歌曲。由宋健彰（南拳妈妈弹头）作词，林俊杰作曲，收录在林俊杰2005年4月1日发行的专辑《编号89757》中。
262,盗,《盗》是林俊杰演唱的歌曲，由林秋离、张思尔、林俊杰（Rap部分）作词，林俊杰作曲，收录在林俊杰2005年4月1日发行的专辑《编号89757》中。
263,听不懂 没关系,《听不懂 没关系》是林俊杰演唱的歌曲，由AMY、林俊杰作词，林俊杰作曲，收录在林俊杰2005年4月1日发行的专辑《编号89757》中。
264,来不及了,《来不及了》是林俊杰创作的纯音乐，收录在林俊杰2005年4月1日发行的专辑《编号89757》中。
265,一千年以后,歌曲《一千年以后》，由林俊杰演唱，林秋离作词 [16]，林俊杰作曲，收录在林俊杰2005年4月1日发行的专辑《编号89757》中。
266,一开始,《一开始...》是林俊杰创作的纯音乐，由林俊杰作曲，收录在林俊杰2004年6月4日发行的专辑《第二天堂》中。
267,第二天堂,《第二天堂》是林俊杰演唱的歌曲，由林秋离、张良忠作词，林俊杰作曲，林俊杰、Jacob Lin编曲 [1]，收录在林俊杰2004年6月4日发行的专辑《第二天堂》中。 [2]
268,子弹列车,《子弹列车》是林俊杰演唱的歌曲，由方文山作词，林俊杰作曲，收录在林俊杰2004年6月4日发行的专辑《第二天堂》中 [1]。
269,起床了,《起床了》是林俊杰创作的音乐，收录在林俊杰2004年6月4日发行的专辑《第二天堂》中。
270,豆浆油条,歌曲《豆浆油条》，由林俊杰演唱，张思尔作词，林俊杰作曲，收录在林俊杰2004年6月4日发行的专辑《第二天堂》中。
271,江南,《第二天堂》是林俊杰于2004年6月4日发行的第二张个人创作专辑，共收录15首歌曲。专辑由许环良监作，林俊杰包办整张专辑作曲，同时参与了编曲及制作。歌词大部分的填写及概念部分，则由林秋离把握。 [1]
272,害怕,《害怕》是林俊杰演唱的歌曲，由李瑞洵作词，林俊杰作曲，收录在林俊杰2004年6月4日发行的专辑《第二天堂》中。 [1]
273,天使心,《天使心》是林俊杰演唱的歌曲，由张思尔、林秋离作词，林俊杰作曲，收录在林俊杰2004年6月4日发行的专辑《第二天堂》中。
274,森林浴,《森林浴》是由林俊杰作曲的纯音乐，收录在林俊杰2004年6月4日发行的专辑《第二天堂》中。
275,精灵,《精灵》是林俊杰演唱的歌曲，由林秋离作词，林俊杰作曲，收录在林俊杰2004年6月4日发行的专辑《第二天堂》中 [1]
276,相信无限,《相信无限》是林俊杰演唱的歌曲，由张思尔作词、林俊杰作曲，收录在林俊杰2004年6月4日发行的专辑《第二天堂》中。 [1]
277,美人鱼,《美人鱼》是林俊杰演唱的一首歌曲，由简胜、林秋离作词，林俊杰作曲，梁定江、Case Woo编曲，收录在林俊杰2004年6月4日发行的专辑《第二天堂》中 [1]。
278,距离,《距离》是林俊杰演唱的歌曲，由林怡凤作词，林俊杰作曲，吴庆隆编曲，收录在林俊杰2004年6月4日发行的专辑《第二天堂》中。 [1]
279,未完成,《未完成》是由林俊杰创作的纯音乐，收录在林俊杰2004年6月4日发行的专辑《第二天堂》中。 [1]
280,Endless Road,《Endless Road》是林俊杰演唱的歌曲，由林俊杰作词、作曲，收录在林俊杰2004年6月4日发行的专辑《第二天堂》中。 [1] 
281,就是我,《就是我》是林俊杰演唱的歌曲，由张思尔作词，林俊杰作曲，Case Woo编曲，林俊杰、许环良共同制作，收录在林俊杰2003年4月4日发行的个人首张录音室专辑《乐行者》中 [2]。
282,会读书,歌曲《会读书》，由林俊杰演唱，张思尔填词，林俊杰谱曲，收录在专辑《乐行者》中。 [1]
283,翅膀,《翅膀》是林俊杰演唱的歌曲，由张思尔作词，林俊杰作曲，收录在林俊杰2003年4月10日发行的个人第一张专辑《乐行者》中。 [1]
284,星球,《星球》是新加坡歌手林俊杰演唱的歌曲，由张思尔作词，林俊杰作曲，收录在林俊杰2003年4月10日发行的个人第一张专辑《乐行者》中。
285,冻结,歌曲《冻结》，由林俊杰演唱，张思尔作词，林俊杰作曲，收录在林俊杰2003年4月10日发行的个人第一张专辑《乐行者》中 [1]。《冻结》是林俊杰的代表作品之一。
286,压力,《压力》是新加坡歌手林俊杰演唱的一首歌曲，由张思尔作词，林俊杰作曲，收录在林俊杰2003年4月10日发行的个人第一张专辑《乐行者》中。 [1]
287,女儿家,歌曲《女儿家》，由林俊杰演唱，张思尔填词，林俊杰谱曲，收录在专辑《乐行者》中。
288,星空下的吻,《星空下的吻》是新加坡歌手林俊杰演唱的歌曲，由张思尔、林秋离作词，林俊杰作曲，收录在林俊杰2003年4月10日发行的个人第一张专辑《乐行者》中。
289,让我心动的人,歌曲《让我心动的人》，由林俊杰演唱，张思尔填词，林俊杰谱曲，收录在专辑《乐行者》中。
290,会有那么一天,《会有那么一天》是新加坡歌手林俊杰演唱的歌曲，由张思尔作词，林俊杰作曲，收录在林俊杰2003年4月10日发行的个人第一张专辑《乐行者》中。 [1]
291,不懂,《不懂》是林俊杰演唱的歌曲，由张思尔填词，林俊杰谱曲，收录在专辑《乐行者》中。
